{"BabyCare": {"precision": 0.625, "recall": 0.7692307692307693, "f1-score": 0.6896551724137931, "support": 26}, "BeautyandPersonalCare": {"precision": 0.6333333333333333, "recall": 0.76, "f1-score": 0.6909090909090909, "support": 25}, "Computers": {"precision": 1.0, "recall": 0.9629629629629629, "f1-score": 0.9811320754716981, "support": 27}, "HomeDecor&FestiveNeeds": {"precision": 0.8, "recall": 0.6666666666666666, "f1-score": 0.7272727272727272, "support": 24}, "HomeFurnishing": {"precision": 0.9285714285714286, "recall": 0.48148148148148145, "f1-score": 0.6341463414634146, "support": 27}, "Kitchen&Dining": {"precision": 0.5357142857142857, "recall": 0.7894736842105263, "f1-score": 0.6382978723404255, "support": 19}, "Watches": {"precision": 1.0, "recall": 0.92, "f1-score": 0.9583333333333334, "support": 25}, "accuracy": 0.7630057803468208, "macro avg": {"precision": 0.7889455782312925, "recall": 0.7642593663646294, "f1-score": 0.7599638018863546, "support": 173}, "weighted avg": {"precision": 0.8007707129094412, "recall": 0.7630057803468208, "f1-score": 0.7650683085264788, "support": 173}, "training_time (seconds)": 371.7619483000017}