{"BabyCare": {"precision": 0.5217391304347826, "recall": 0.46153846153846156, "f1-score": 0.4897959183673469, "support": 26}, "BeautyandPersonalCare": {"precision": 0.9333333333333333, "recall": 0.56, "f1-score": 0.7000000000000001, "support": 25}, "Computers": {"precision": 0.92, "recall": 0.8518518518518519, "f1-score": 0.8846153846153846, "support": 27}, "HomeDecor&FestiveNeeds": {"precision": 0.5333333333333333, "recall": 0.6666666666666666, "f1-score": 0.5925925925925926, "support": 24}, "HomeFurnishing": {"precision": 0.8461538461538461, "recall": 0.4074074074074074, "f1-score": 0.5499999999999999, "support": 27}, "Kitchen&Dining": {"precision": 0.36585365853658536, "recall": 0.7894736842105263, "f1-score": 0.4999999999999999, "support": 19}, "Watches": {"precision": 0.9615384615384616, "recall": 1.0, "f1-score": 0.9803921568627451, "support": 25}, "accuracy": 0.6705202312138728, "macro avg": {"precision": 0.7259931090471917, "recall": 0.676705438810702, "f1-score": 0.6710565789197241, "support": 173}, "weighted avg": {"precision": 0.7420484718002784, "recall": 0.6705202312138728, "f1-score": 0.6774643665084235, "support": 173}, "training_time (seconds)": 70.85514679999324}