{"BabyCare": {"precision": 0.6296296296296297, "recall": 0.6538461538461539, "f1-score": 0.6415094339622641, "support": 26}, "BeautyandPersonalCare": {"precision": 0.6451612903225806, "recall": 0.8, "f1-score": 0.7142857142857142, "support": 25}, "Computers": {"precision": 0.88, "recall": 0.8148148148148148, "f1-score": 0.8461538461538461, "support": 27}, "HomeDecor&FestiveNeeds": {"precision": 0.75, "recall": 0.625, "f1-score": 0.6818181818181818, "support": 24}, "HomeFurnishing": {"precision": 0.6470588235294118, "recall": 0.4074074074074074, "f1-score": 0.5, "support": 27}, "Kitchen&Dining": {"precision": 0.6153846153846154, "recall": 0.8421052631578947, "f1-score": 0.7111111111111111, "support": 19}, "Watches": {"precision": 0.9259259259259259, "recall": 1.0, "f1-score": 0.9615384615384615, "support": 25}, "accuracy": 0.7283236994219653, "macro avg": {"precision": 0.7275943263988803, "recall": 0.7347390913180387, "f1-score": 0.7223452498385113, "support": 173}, "weighted avg": {"precision": 0.7316210792149413, "recall": 0.7283236994219653, "f1-score": 0.7213627225406044, "support": 173}, "training_time (seconds)": 157.23987759999727}